Date,Open,High,Low,Close,Adj Close,Volume
1/4/2007,17322.5,17379.46094,17315.75977,17353.66992,17353.66992,80200
1/5/2007,17315.53906,17327.13086,17011.09961,17091.58984,17091.58984,158600
1/9/2007,17018.89063,17261.0293,16983.9707,17237.76953,17237.76953,142400
1/10/2007,17192.41992,17199.41992,16847.57031,16942.40039,16942.40039,133400
1/11/2007,16958.57031,17057.44922,16758.46094,16838.16992,16838.16992,122000
1/12/2007,16979.73047,17160.76953,16941.39063,17057.00977,17057.00977,139400
1/15/2007,17160.25,17273.58008,17144.43945,17209.91992,17209.91992,124400
1/16/2007,17190.90039,17287.96094,17175.84961,17202.46094,17202.46094,128400
1/17/2007,17153.25,17335.0293,17002.66992,17261.34961,17261.34961,147000
1/18/2007,17248.14063,17408.61914,17220.41992,17370.92969,17370.92969,148800
1/19/2007,17340.38086,17378.21094,17242.76953,17310.43945,17310.43945,121400
1/22/2007,17429.90039,17484.58984,17401.32031,17424.17969,17424.17969,125600
1/23/2007,17350.31055,17442,17321.28906,17408.57031,17408.57031,161200
1/24/2007,17505.31055,17553.0293,17498.35938,17507.40039,17507.40039,192200
1/25/2007,17604.59961,17617.64063,17427.53906,17458.30078,17458.30078,159000
1/26/2007,17368.05078,17421.92969,17300.83984,17421.92969,17421.92969,134400
1/29/2007,17393.18945,17489.58984,17319.36914,17470.46094,17470.46094,149200
1/30/2007,17510,17558.5293,17452.63086,17490.18945,17490.18945,155000
1/31/2007,17493.83008,17497.85938,17275.83984,17383.41992,17383.41992,146000
2/1/2007,17377.0293,17543.96094,17361.00977,17519.5,17519.5,167800
2/2/2007,17569.16016,17633.60938,17532.64063,17547.10938,17547.10938,162000
2/5/2007,17531.41016,17531.41016,17294.98047,17344.80078,17344.80078,152400
2/6/2007,17384.5,17433.26953,17345.09961,17406.85938,17406.85938,157000
2/7/2007,17367.91016,17374.82031,17199.66016,17292.32031,17292.32031,172200
2/8/2007,17368.34961,17400.34961,17212.7793,17292.48047,17292.48047,141800
2/9/2007,17339.56055,17545.71094,17274.89063,17504.33008,17504.33008,159600
2/13/2007,17481.76953,17628.0293,17440.42969,17621.44922,17621.44922,170000
2/14/2007,17662.28906,17789.91992,17648.81055,17752.64063,17752.64063,164800
2/15/2007,17891.24023,17911.58008,17815.16992,17897.23047,17897.23047,151400
2/16/2007,17828.7793,17884.89063,17793.34961,17875.65039,17875.65039,137600
2/19/2007,17835.13086,17974,17810.05078,17940.08984,17940.08984,137000
2/20/2007,17919.33008,17953.0293,17828.94922,17939.11914,17939.11914,152200
2/21/2007,17896.59961,17968.25977,17850.08984,17913.21094,17913.21094,211200
2/22/2007,18033.23047,18132.83984,18024.48047,18108.78906,18108.78906,183200
2/23/2007,18113.56055,18239.13086,18046.41992,18188.41992,18188.41992,193400
2/26/2007,18219.75,18300.39063,18145.41992,18215.34961,18215.34961,194800
2/27/2007,18239.30078,18272.67969,18073.2207,18119.91992,18119.91992,198000
2/28/2007,17843.60938,17843.60938,17382.78906,17604.11914,17604.11914,250200
3/1/2007,17542.23047,17557.41992,17261.59961,17453.50977,17453.50977,222400
3/2/2007,17351.40039,17356.44922,17160.42969,17217.92969,17217.92969,198000
3/5/2007,16992.43945,16992.43945,16532.91016,16642.25,16642.25,211000
3/6/2007,16654.84961,16882.91992,16649.09961,16844.5,16844.5,210000
3/7/2007,16982.30078,16988.00977,16731.76953,16764.61914,16764.61914,217400
3/8/2007,16729.78906,17090.31055,16685.94922,17090.31055,17090.31055,179200
3/9/2007,17224.66992,17246.21094,17100.74023,17164.03906,17164.03906,231600
3/12/2007,17312.14063,17325.44922,17206.93945,17292.39063,17292.39063,130000
3/13/2007,17268.71094,17299.48047,17153.19922,17178.83984,17178.83984,135200
3/14/2007,16936.18945,16936.18945,16628.84961,16676.89063,16676.89063,163600
3/15/2007,16803.99023,16942.31055,16760.67969,16860.39063,16860.39063,165000
3/16/2007,16779.48047,16939.42969,16643.75977,16744.15039,16744.15039,173200
3/19/2007,16713.99023,17026.46094,16713.99023,17009.55078,17009.55078,130800
3/20/2007,17155.34961,17267.74023,17146.5293,17163.19922,17163.19922,129400
3/22/2007,17383.61914,17489.18945,17379.40039,17419.19922,17419.19922,146400
3/23/2007,17519.50977,17534.76953,17407.9707,17480.60938,17480.60938,128400
3/26/2007,17517.91992,17558.03906,17425,17521.96094,17521.96094,91800
3/27/2007,17357.25977,17516.89063,17315.91016,17365.05078,17365.05078,125800
3/28/2007,17328.11914,17442.61914,17141.65039,17254.73047,17254.73047,153000
3/29/2007,17119.94922,17350.88086,17036.2207,17263.93945,17263.93945,144600
3/30/2007,17318.84961,17380.80078,17267.09961,17287.65039,17287.65039,115200
4/2/2007,17346.25,17425.74023,16999.05078,17028.41016,17028.41016,154000
4/3/2007,17154.7793,17279.73047,17095.91992,17244.05078,17244.05078,152000
4/4/2007,17400.67969,17576.50977,17394.14063,17544.08984,17544.08984,150400
4/5/2007,17507.46094,17531.30078,17430.38086,17491.41992,17491.41992,132800
4/6/2007,17502.90039,17560.30078,17422.55078,17484.7793,17484.7793,121000
4/9/2007,17606.0293,17747.82031,17606.0293,17743.75977,17743.75977,124600
4/10/2007,17631.01953,17706.91992,17613.15039,17664.68945,17664.68945,131400
4/11/2007,17699.39063,17723.39063,17618.18945,17670.07031,17670.07031,113800
4/12/2007,17601.65039,17601.65039,17455.17969,17540.41992,17540.41992,122200
4/13/2007,17629.01953,17662.89063,17327.36914,17363.94922,17363.94922,134000
4/16/2007,17507.17969,17696.86914,17507.17969,17628.30078,17628.30078,112000
4/17/2007,17750.66992,17782.08008,17452.11914,17527.44922,17527.44922,125200
4/18/2007,17557.40039,17706.84961,17538.33984,17667.33008,17667.33008,120000
4/19/2007,17530,17530,17219.73047,17371.9707,17371.9707,142600
4/20/2007,17471.56055,17502.01953,17404.61914,17452.61914,17452.61914,123400
4/23/2007,17589.60938,17656.55078,17413.64063,17455.36914,17455.36914,123600
4/24/2007,17363.83984,17500.33984,17305.7793,17451.76953,17451.76953,116000
4/25/2007,17379.51953,17379.51953,17221.55078,17236.16016,17236.16016,115200
4/26/2007,17359.83984,17496.10938,17321.05078,17429.16992,17429.16992,130000
4/27/2007,17377.03906,17542.25,17299.36914,17400.41016,17400.41016,153800
5/1/2007,17396.30078,17396.30078,17203.0293,17274.98047,17274.98047,120200
5/2/2007,17310.75,17441.09961,17227.08984,17394.91992,17394.91992,113400
5/7/2007,17564.16992,17715.99023,17558.24023,17669.83008,17669.83008,149400
5/8/2007,17651.4707,17711.66992,17587.91992,17656.83984,17656.83984,152400
5/9/2007,17616.58008,17753.33008,17616.58008,17748.11914,17748.11914,167000
5/10/2007,17793.49023,17827.48047,17712.89063,17736.96094,17736.96094,165400
5/11/2007,17616.01953,17616.01953,17455.2793,17553.7207,17553.7207,157600
5/14/2007,17682.74023,17786.65039,17673.85938,17677.93945,17677.93945,151400
5/15/2007,17577.14063,17609.55078,17491.58984,17512.98047,17512.98047,136000
5/16/2007,17487,17539.94922,17430.69922,17529,17529,141000
5/17/2007,17586.33008,17656.07031,17482.43945,17498.59961,17498.59961,117000
5/18/2007,17563.5293,17563.5293,17320.81055,17399.58008,17399.58008,114800
5/21/2007,17455.55078,17599.34961,17411.50977,17556.86914,17556.86914,118400
5/22/2007,17578.31055,17730.83984,17545.25977,17680.05078,17680.05078,127800
5/23/2007,17763.15039,17802.71094,17699.11914,17705.11914,17705.11914,130600
5/24/2007,17680.44922,17760.57031,17606.56055,17696.9707,17696.9707,116400
5/25/2007,17529.26953,17529.26953,17370.17969,17481.21094,17481.21094,117800
5/28/2007,17544.98047,17630.36914,17544.66992,17587.58984,17587.58984,94200
5/29/2007,17524.82031,17700.51953,17521.64063,17672.56055,17672.56055,108000
5/30/2007,17664.36914,17727.16992,17484.30078,17588.25977,17588.25977,125800
5/31/2007,17715.76953,17875.75,17701.57031,17875.75,17875.75,134200
6/1/2007,17949.91992,18017.73047,17943.67969,17958.88086,17958.88086,158600
6/4/2007,18067.90039,18071.80078,17973.41992,17973.41992,17973.41992,166600
6/5/2007,18019.78906,18071.7207,17950.44922,18053.81055,18053.81055,126200
6/6/2007,18001.19922,18073.05078,17991.18945,18040.92969,18040.92969,140800
6/7/2007,17879.00977,18053.38086,17866.51953,18053.38086,18053.38086,152400
6/8/2007,17904.67969,17904.67969,17696.50977,17779.08984,17779.08984,223600
6/11/2007,17899.01953,17932.09961,17801.63086,17834.48047,17834.48047,119600
6/12/2007,17845.2207,17862.99023,17735.56055,17760.91016,17760.91016,117200
6/13/2007,17631.86914,17781.41016,17591.92969,17732.76953,17732.76953,119200
6/14/2007,17834.7793,17875.01953,17815.30078,17842.28906,17842.28906,106800
6/15/2007,17945.83984,18007.99023,17930.33984,17971.49023,17971.49023,123800
6/18/2007,18127.41016,18194.25977,18112.92969,18149.51953,18149.51953,120600
6/19/2007,18131.58984,18163.60938,18103.56055,18163.60938,18163.60938,112000
6/20/2007,18173.07031,18297,18141.94922,18211.67969,18211.67969,141400
6/21/2007,18117.30078,18287.73047,18107.81055,18240.30078,18240.30078,137200
6/22/2007,18177.89063,18200.10938,18092.35938,18188.63086,18188.63086,125600
6/25/2007,18107.67969,18203.56055,18079.84961,18087.48047,18087.48047,114400
6/26/2007,18098.33008,18101.89063,18008.59961,18066.10938,18066.10938,100400
6/27/2007,17981.76953,17983.34961,17848.05078,17849.2793,17849.2793,114200
6/28/2007,17915.63086,17960.2207,17893.36914,17932.26953,17932.26953,100000
6/29/2007,18010.5,18144.63086,17973.5,18138.35938,18138.35938,106000
7/2/2007,18139.03906,18175.30078,18062.49023,18146.30078,18146.30078,108600
7/3/2007,18206.49023,18230.89063,18146.74023,18149.90039,18149.90039,104800
7/4/2007,18158.76953,18207.9707,18143.58008,18168.7207,18168.7207,80400
7/5/2007,18191.89063,18295.26953,18191.89063,18221.48047,18221.48047,88800
7/6/2007,18184.64063,18184.64063,18086.00977,18140.93945,18140.93945,100600
7/9/2007,18226.07031,18282.15039,18213.58984,18261.98047,18261.98047,101200
7/10/2007,18244.68945,18259.81055,18204.03906,18252.66992,18252.66992,118800
7/11/2007,18116.66016,18116.66016,18028.86914,18049.50977,18049.50977,120600
7/12/2007,18105.89063,18130.43945,17919.16992,17984.14063,17984.14063,125600
7/13/2007,18161.01953,18268.64063,18150.99023,18238.94922,18238.94922,126200
7/17/2007,18269.35938,18269.35938,18167.82031,18217.26953,18217.26953,123400
7/18/2007,18136.06055,18136.06055,17964.2793,18015.58008,18015.58008,136600
7/19/2007,18095.94922,18131.11914,18037.33008,18116.57031,18116.57031,127600
7/20/2007,18148.59961,18223.03906,18124.74023,18157.92969,18157.92969,176600
7/23/2007,17995.71094,18009.4707,17892.75,17963.64063,17963.64063,147200
7/24/2007,17998.75977,18018.93945,17906.10938,18002.0293,18002.0293,127400
7/25/2007,17810.9707,17881.31055,17733.96094,17858.41992,17858.41992,135200
7/26/2007,17807.23047,17861.4707,17678.98047,17702.08984,17702.08984,125200
7/27/2007,17454.58984,17454.58984,17196.16016,17283.81055,17283.81055,160400
7/30/2007,17138.5293,17289.30078,17042.66016,17289.30078,17289.30078,154000
7/31/2007,17318.00977,17318.00977,17195.28906,17248.89063,17248.89063,146400
8/1/2007,17169.19922,17169.19922,16845.53906,16870.98047,16870.98047,161400
8/2/2007,16956.33008,16999.16016,16652.80078,16984.10938,16984.10938,158000
8/3/2007,17019.80078,17102.07031,16913.26953,16979.85938,16979.85938,137200
8/6/2007,16781.14063,16951.98047,16675.39063,16914.46094,16914.46094,130600
8/7/2007,17009.63086,17049.44922,16863.46094,16921.76953,16921.76953,135000
8/8/2007,16930.39063,17085.09961,16911.67969,17029.2793,17029.2793,165000
8/9/2007,17170.35938,17274.33008,17148.94922,17170.59961,17170.59961,218800
8/10/2007,16923.21094,16948.96094,16651.71094,16764.08984,16764.08984,213200
8/13/2007,16791.80078,16948.40039,16725.55078,16800.05078,16800.05078,148200
8/14/2007,16824.63086,16855.05078,16747.93945,16844.60938,16844.60938,115400
8/15/2007,16659.07031,16667.35938,16433.30078,16475.60938,16475.60938,131400
8/16/2007,16296.40039,16296.40039,15859.45996,16148.49023,16148.49023,177000
8/17/2007,16035.37988,16062.58984,15262.09961,15273.67969,15273.67969,196800
8/20/2007,15477.25977,15940.61035,15477.25977,15732.48047,15732.48047,146600
8/21/2007,15773.86035,16101.63965,15754.50977,15901.33984,15901.33984,132600
8/22/2007,15866.59961,15957.95996,15787.95996,15900.63965,15900.63965,106400
8/23/2007,16093.82031,16333.36035,16093.82031,16316.32031,16316.32031,118200
8/24/2007,16286.00977,16329.95996,16188.08008,16248.96973,16248.96973,102800
8/27/2007,16429.00977,16504.7207,16263.9502,16301.38965,16301.38965,91600
8/28/2007,16214.08984,16343.28027,16192.83984,16287.49023,16287.49023,83800
8/29/2007,16068.09961,16068.09961,15830.28027,16012.83008,16012.83008,112000
8/30/2007,16182.08984,16269.66016,16091.28027,16153.82031,16153.82031,97200
8/31/2007,16270.99023,16569.08984,16266.23047,16569.08984,16569.08984,119400
9/3/2007,16511.07031,16575.9707,16452.74023,16524.92969,16524.92969,96600
9/4/2007,16445.73047,16511.64063,16392.21094,16420.4707,16420.4707,86600
9/5/2007,16506.10938,16553.2207,16154.90039,16158.4502,16158.4502,114200
9/6/2007,16003.87988,16257,15840.04981,16257,16257,141200
9/7/2007,16179.78027,16230.58008,16027.92969,16122.16016,16122.16016,101000
9/10/2007,15906.51953,15906.51953,15651.83008,15764.96973,15764.96973,115400
9/11/2007,15787.86035,15940.37988,15610.65039,15877.66992,15877.66992,111000
9/12/2007,15978.78027,16032.25977,15731.32031,15797.59961,15797.59961,111000
9/13/2007,15886.75977,15931.08984,15802.36035,15821.19043,15821.19043,101600
9/14/2007,15895.04981,16142.08008,15877.08984,16127.41992,16127.41992,173000
9/18/2007,16037.49023,16037.49023,15780.90039,15801.79981,15801.79981,101000
9/19/2007,16038.12012,16386.16992,16038.12012,16381.54004,16381.54004,112200
9/20/2007,16474.66016,16491.44922,16344.28027,16413.78906,16413.78906,120800
9/21/2007,16284.42969,16353.96973,16245.94043,16312.61035,16312.61035,123000
9/25/2007,16317.19043,16434.80078,16240.25977,16401.73047,16401.73047,118000
9/26/2007,16388.50977,16457.7207,16388.50977,16435.74023,16435.74023,103800
9/27/2007,16551.93945,16868.93945,16551.93945,16832.2207,16832.2207,126800
9/28/2007,16903.64063,16929.25977,16755.21094,16785.68945,16785.68945,111600
10/1/2007,16773.09961,16899.83984,16685.80078,16845.96094,16845.96094,108600
10/2/2007,17027.91992,17072.66992,16986.38086,17046.7793,17046.7793,136000
10/3/2007,17066.14063,17205.41992,17017.76953,17199.89063,17199.89063,148200
10/4/2007,17085.32031,17160.4707,17043.75977,17092.49023,17092.49023,129200
10/5/2007,17070.60938,17144.34961,17032.75,17065.03906,17065.03906,97200
10/9/2007,17166.16992,17237.40039,17133.51953,17159.90039,17159.90039,104600
10/10/2007,17231.14063,17254.51953,17146.39063,17177.89063,17177.89063,101800
10/11/2007,17188.81055,17488.9707,17154.75,17458.98047,17458.98047,133000
10/12/2007,17417.93945,17441.75,17280.59961,17331.16992,17331.16992,127000
10/15/2007,17399.66992,17430.08984,17292.13086,17358.15039,17358.15039,97000
10/16/2007,17267.07031,17283.05078,17104.19922,17137.91992,17137.91992,114400
10/17/2007,17114.19922,17114.19922,16795.74023,16955.31055,16955.31055,150600
10/18/2007,16974.68945,17147.73047,16974.68945,17106.08984,17106.08984,113800
10/19/2007,16965,16965,16711.57031,16814.36914,16814.36914,111600
10/22/2007,16563.57031,16563.57031,16264.7002,16438.4707,16438.4707,122000
10/23/2007,16486.71094,16554.91016,16416.91992,16450.58008,16450.58008,90400
10/24/2007,16518,16578.58984,16330.33008,16358.38965,16358.38965,109200
10/25/2007,16368.01953,16438.57031,16199.01953,16284.16992,16284.16992,111600
10/26/2007,16358.61035,16505.63086,16348.86035,16505.63086,16505.63086,110200
10/29/2007,16613.30078,16774.17969,16613.30078,16698.08008,16698.08008,122000
10/30/2007,16655.31055,16682.86914,16492.56055,16651.00977,16651.00977,149200
10/31/2007,16620.58984,16738.98047,16552.53906,16737.63086,16737.63086,144800
11/1/2007,16812.90039,16887.03906,16795.55078,16870.40039,16870.40039,145000
11/2/2007,16647.40039,16654.73047,16484.53906,16517.48047,16517.48047,148200
11/5/2007,16458.14063,16458.14063,16211.79004,16268.91992,16268.91992,142800
11/6/2007,16152.58008,16353.92969,16144.40039,16249.62988,16249.62988,138800
11/7/2007,16325.17969,16326.58008,16081.03027,16096.67969,16096.67969,136000
11/8/2007,15889.03027,15891.23047,15626.05957,15771.57031,15771.57031,161200
11/9/2007,15675.48047,15834.96973,15566.12012,15583.41992,15583.41992,160400
11/12/2007,15377.37012,15386.79981,14998.50977,15197.08984,15197.08984,158600
11/13/2007,15148.16016,15235.55957,14988.76953,15126.62988,15126.62988,151000
11/14/2007,15311.37988,15504.99023,15287.25977,15499.55957,15499.55957,139000
11/15/2007,15536.34961,15587.30957,15396.29981,15396.29981,15396.29981,129800
11/16/2007,15238.73047,15238.73047,15030.01953,15154.61035,15154.61035,118800
11/19/2007,15177.16992,15302.75977,15040.09961,15042.55957,15042.55957,125400
11/20/2007,14868.98047,15222.24023,14751.26953,15211.51953,15211.51953,184600
11/21/2007,15113.83008,15154.30957,14770.21973,14837.66016,14837.66016,149000
11/22/2007,14726.62012,15000.17969,14669.84961,14888.76953,14888.76953,161200
11/26/2007,14921.57031,15295.20996,14912.83008,15135.20996,15135.20996,146000
11/27/2007,14953.92969,15312.54981,14801.87012,15222.84961,15222.84961,159200
11/28/2007,15271.13965,15280.91016,15089.34961,15153.78027,15153.78027,134200
11/29/2007,15339.61035,15555.04004,15339.61035,15513.74023,15513.74023,129800
11/30/2007,15520.53027,15751.2002,15520.53027,15680.66992,15680.66992,171200
12/3/2007,15747.46973,15799.69043,15577.69043,15628.96973,15628.96973,137600
12/4/2007,15613.88965,15683.17969,15446.46973,15480.19043,15480.19043,124200
12/5/2007,15418.9502,15621.54004,15365.38965,15608.87988,15608.87988,137000
12/6/2007,15782.40039,15898.25977,15740.94043,15874.08008,15874.08008,129200
12/7/2007,15992.24023,16107.65039,15948.54004,15956.37012,15956.37012,146000
12/10/2007,16007.33008,16017.13965,15826.25,15924.38965,15924.38965,116200
12/11/2007,16003.08984,16075.61035,15972.4502,16044.71973,16044.71973,102800
12/12/2007,15828.65039,15963.42969,15700.15039,15932.25977,15932.25977,142800
12/13/2007,15818.48047,15833.09961,15532.53027,15536.51953,15536.51953,141000
12/14/2007,15547.19043,15697.04981,15433.76953,15514.50977,15514.50977,200200
12/17/2007,15433.29981,15508.5,15219.07031,15249.79004,15249.79004,113200
12/18/2007,15099.2002,15301.69043,15004.41016,15207.86035,15207.86035,139800
12/19/2007,15165.08984,15267.75,15030.50977,15030.50977,15030.50977,118200
12/20/2007,15151.37012,15161.66016,15017.96973,15031.59961,15031.59961,108600
12/21/2007,15044.34961,15275.61035,14998.00977,15257,15257,135400
12/25/2007,15441.33008,15583.38965,15441.33008,15552.58984,15552.58984,90600
12/26/2007,15613.95996,15653.54004,15559.46973,15653.54004,15653.54004,94000
12/27/2007,15616.41016,15628.30957,15535.50977,15564.69043,15564.69043,93000
12/28/2007,15413.37012,15413.37012,15240.95996,15307.78027,15307.78027,61200
1/4/2008,15155.73047,15156.66016,14542.58008,14691.41016,14691.41016,98800
1/7/2008,14549.37988,14667.84961,14438.61035,14500.54981,14500.54981,139800
1/8/2008,14429.29981,14547.79981,14365.86035,14528.66992,14528.66992,146800
1/9/2008,14364.70996,14602.65039,14271.57031,14599.16016,14599.16016,155400
1/10/2008,14546.32031,14584.73047,14388.11035,14388.11035,14388.11035,130200
1/11/2008,14419.42969,14447.49023,14096.54004,14110.79004,14110.79004,175400
1/15/2008,14134.91016,14224,13915.15039,13972.62988,13972.62988,163800
1/16/2008,13796.73047,13841.92969,13500.58984,13504.50977,13504.50977,204600
1/17/2008,13596.37988,13803.08008,13472.4502,13783.4502,13783.4502,192800
1/18/2008,13577.5,13902.63965,13365.32031,13861.29004,13861.29004,191000
1/21/2008,13701.42969,13704.65039,13320.50977,13325.94043,13325.94043,152600
1/22/2008,13125.23047,13125.23047,12572.67969,12573.04981,12573.04981,199000
1/23/2008,12756.30957,13063.78027,12619.78027,12829.05957,12829.05957,178000
1/24/2008,12952.5,13134.76953,12952.5,13092.78027,13092.78027,189600
1/25/2008,13258.76953,13647.16016,13248.88965,13629.16016,13629.16016,178800
1/28/2008,13482.83984,13501.86035,13087.91016,13087.91016,13087.91016,152800
1/29/2008,13246.69043,13506.80957,13224.66016,13478.86035,13478.86035,147000
1/30/2008,13500.51953,13514.12988,13271.12988,13345.03027,13345.03027,152400
1/31/2008,13227.48047,13622.67969,13154.76953,13592.46973,13592.46973,165200
2/1/2008,13517.74023,13648.38965,13444.08008,13497.16016,13497.16016,142600
2/4/2008,13642.59961,13889.24023,13642.59961,13859.7002,13859.7002,138200
2/5/2008,13806.16992,13821.91992,13665.63965,13745.5,13745.5,133600
2/6/2008,13548.53027,13552.19043,13099.24023,13099.24023,13099.24023,176800
2/7/2008,13077.25,13244.19043,12972.54981,13207.15039,13207.15039,163000
2/8/2008,13143.08008,13279.51953,12997.87988,13017.24023,13017.24023,170600
2/12/2008,12998.87012,13138.28027,12923.41992,13021.95996,13021.95996,147600
2/13/2008,13162.9502,13240.25977,13036.62012,13068.29981,13068.29981,138800
2/14/2008,13254.58984,13626.4502,13251.86035,13626.4502,13626.4502,147200
2/15/2008,13508.53027,13666.67969,13356.38965,13622.55957,13622.55957,154800
2/18/2008,13627.30957,13822.4502,13627.30957,13635.40039,13635.40039,147200
2/19/2008,13761.75977,13853.20996,13691.87988,13757.91016,13757.91016,147400
2/20/2008,13729.75,13729.75,13310.37012,13310.37012,13310.37012,163600
2/21/2008,13462.71973,13783.96973,13439.58984,13688.28027,13688.28027,143000
2/22/2008,13530.19043,13540.62012,13378.71973,13500.45996,13500.45996,144200
2/25/2008,13612.30957,13969.17969,13612.30957,13914.57031,13914.57031,152000
2/26/2008,14036.88965,14053.84961,13803.45996,13824.71973,13824.71973,133800
2/27/2008,14007.32031,14105.46973,13956.44043,14031.29981,14031.29981,127400
2/28/2008,13877.87988,13962.29981,13794.70996,13925.50977,13925.50977,118400
2/29/2008,13735.44043,13738.55957,13533.25,13603.01953,13603.01953,126600
3/3/2008,13412.87012,13413.62988,12992.17969,12992.17969,12992.17969,142400
3/4/2008,13080.29004,13110.38965,12883.07031,12992.28027,12992.28027,138600
3/5/2008,12973.03027,13044.00977,12919.80957,12972.05957,12972.05957,128800
3/6/2008,13068.88965,13365.21973,13050.54981,13215.41992,13215.41992,134200
3/7/2008,13024.61035,13024.61035,12744.51953,12782.79981,12782.79981,144200
3/10/2008,12716.83984,12777.07031,12527.07031,12532.12988,12532.12988,151200
3/11/2008,12392.30957,12674.88965,12352.79004,12658.28027,12658.28027,162200
3/12/2008,12841.87988,13071.21973,12799.41992,12861.12988,12861.12988,141000
3/13/2008,12741.25977,12772.37012,12351.71973,12433.44043,12433.44043,143400
3/14/2008,12509.80957,12582.57031,12167.08984,12241.59961,12241.59961,232000
3/17/2008,12089.03027,12132.69043,11691,11787.50977,11787.50977,172600
3/18/2008,11828.99023,11995.05957,11793.59961,11964.16016,11964.16016,157800
3/19/2008,12142.33008,12374.75,12142.33008,12260.44043,12260.44043,143800
3/21/2008,12331.63965,12496.41016,12308.03027,12482.57031,12482.57031,122000
3/24/2008,12473.05957,12582.45996,12438.2002,12480.08984,12480.08984,108400
3/25/2008,12639.74023,12791.24023,12572.76953,12745.21973,12745.21973,130200
3/26/2008,12648.96973,12711.78027,12591.00977,12706.62988,12706.62988,107400
3/27/2008,12618.41992,12621.55957,12475.87988,12604.58008,12604.58008,114200
3/28/2008,12594.33984,12874.4502,12507.67969,12820.46973,12820.46973,122600
3/31/2008,12709.28027,12709.28027,12430.62988,12525.54004,12525.54004,124000
4/1/2008,12539.79981,12779.13965,12521.83984,12656.41992,12656.41992,114600
4/2/2008,12836.41016,13189.36035,12836.41016,13189.36035,13189.36035,145000
4/3/2008,13190.16016,13389.90039,13137.09961,13389.90039,13389.90039,142600
4/4/2008,13286.34961,13360.80957,13220,13293.21973,13293.21973,122000
4/7/2008,13240.55957,13485.90039,13228.86035,13450.23047,13450.23047,125200
4/8/2008,13373.95996,13402.91016,13225.75977,13250.42969,13250.42969,110600
4/9/2008,13295.16016,13348.37988,12998.54004,13111.88965,13111.88965,117200
4/10/2008,13029.80957,13062.45996,12898.49023,12945.29981,12945.29981,128000
4/11/2008,13061.76953,13329.40039,13040.34961,13323.73047,13323.73047,147600
4/14/2008,13132.66992,13132.66992,12858.62988,12917.50977,12917.50977,101000
4/15/2008,12952.65039,13052.82031,12875.91992,12990.58008,12990.58008,112400
4/16/2008,13130.66016,13222.42969,13112.07031,13146.12988,13146.12988,121200
4/17/2008,13315.83008,13495.94043,13313.05957,13398.29981,13398.29981,127200
4/18/2008,13426.25977,13485.04004,13323.74023,13476.4502,13476.4502,102400
4/21/2008,13639.84961,13739.44043,13639.76953,13696.54981,13696.54981,124600
4/22/2008,13587.50977,13608.16992,13519.12012,13547.82031,13547.82031,100800
4/23/2008,13455.55957,13717.04981,13449.04004,13579.16016,13579.16016,112200
4/24/2008,13613.83008,13654.78027,13497.16016,13540.87012,13540.87012,108800
4/25/2008,13614.53027,13886.37012,13614.53027,13863.46973,13863.46973,127200
4/28/2008,13907.96973,14003.28027,13745.61035,13894.37012,13894.37012,139400
4/30/2008,13802.94043,13976.09961,13766.24023,13849.99023,13849.99023,143200
5/1/2008,13802.58984,13884.62988,13727.07031,13766.86035,13766.86035,110800
5/2/2008,13944.25977,14072.91992,13944.25977,14049.25977,14049.25977,114000
5/7/2008,14147.57031,14208.66992,14022.79004,14102.48047,14102.48047,139800
5/8/2008,14008.19043,14036.30957,13930.28027,13943.25977,13943.25977,120400
5/9/2008,13941.29981,13946.50977,13639.99023,13655.33984,13655.33984,130400
5/12/2008,13565.91016,13793.41016,13540.67969,13743.36035,13743.36035,103000
5/13/2008,13814.38965,13976.91992,13734.5,13953.73047,13953.73047,129200
5/14/2008,13961.95996,14121.94043,13877.40039,14118.54981,14118.54981,142400
5/15/2008,14167.01953,14352.83984,14167.01953,14251.74023,14251.74023,160200
5/16/2008,14363.62012,14392.53027,14194.91016,14219.48047,14219.48047,144200
5/19/2008,14294.51953,14343.19043,14219.08008,14269.61035,14269.61035,133800
5/20/2008,14220.12012,14286.66992,14121.91992,14160.08984,14160.08984,159800
5/21/2008,14002.51953,14041.24023,13847.17969,13926.29981,13926.29981,160200
5/22/2008,13772.65039,13984.80957,13658.01953,13978.45996,13978.45996,159200
5/23/2008,13945.09961,14157.24023,13925.37988,14012.2002,14012.2002,146400
5/26/2008,13875.98047,13883.50977,13670.91992,13690.19043,13690.19043,117800
5/27/2008,13750.82031,13931.23047,13750.82031,13893.30957,13893.30957,100200
5/28/2008,13937.13965,13979.38965,13665.57031,13709.44043,13709.44043,132400
5/29/2008,13832.65039,14147.88965,13832.65039,14124.46973,14124.46973,128800
5/30/2008,14195.66016,14366.62988,14192.16992,14338.54004,14338.54004,166600
6/2/2008,14342.95996,14461.03027,14189.96973,14440.13965,14440.13965,0
6/3/2008,14275.61035,14289.46973,14127.75,14209.16992,14209.16992,152600
6/4/2008,14270.07031,14435.57031,14250.11035,14435.57031,14435.57031,168800
6/5/2008,14392.58984,14392.58984,14262.01953,14341.12012,14341.12012,152000
6/6/2008,14530.36035,14601.26953,14489.44043,14489.44043,14489.44043,150600
6/9/2008,14275.33984,14278.83984,14117.79004,14181.37988,14181.37988,122000
6/10/2008,14281.36035,14308.88965,13983.55957,14021.16992,14021.16992,120600
6/11/2008,14137.54004,14194.48047,13993.57031,14183.48047,14183.48047,131000
6/12/2008,14010.32031,14010.32031,13826.07031,13888.59961,13888.59961,133400
6/13/2008,14011.12012,14041.33984,13810.37988,13973.73047,13973.73047,230400
6/16/2008,14118.23047,14369.08984,14103.5,14354.37012,14354.37012,120000
6/17/2008,14387,14387,14299.66992,14348.37012,14348.37012,110800
6/18/2008,14301.36035,14469.99023,14301.36035,14452.82031,14452.82031,110800
6/19/2008,14324.70996,14324.70996,14069.16016,14130.16992,14130.16992,130800
6/20/2008,14171.01953,14190,13903.20996,13942.08008,13942.08008,129600
6/23/2008,13769.44043,13920.75,13667.83984,13857.46973,13857.46973,117600
6/24/2008,13766.28027,13877.49023,13738.38965,13849.55957,13849.55957,100200
6/25/2008,13820.78027,13833.23047,13635.67969,13829.91992,13829.91992,123600
6/26/2008,13845.41016,13950.55957,13798.04981,13822.32031,13822.32031,114400
6/27/2008,13605.25977,13605.55957,13453.34961,13544.36035,13544.36035,127800
6/30/2008,13584.50977,13598.48047,13454.28027,13481.37988,13481.37988,123600
7/1/2008,13514.86035,13576.41016,13448.34961,13463.2002,13463.2002,121400
7/2/2008,13489.87012,13489.87012,13247.04981,13286.37012,13286.37012,136600
7/3/2008,13161.78027,13326.9502,13118.88965,13265.40039,13265.40039,154200
7/4/2008,13285.49023,13288.54981,13135.45996,13237.88965,13237.88965,117400
7/7/2008,13212.79981,13409.29981,13169.54981,13360.04004,13360.04004,107000
7/8/2008,13286.5,13294.96973,12984.54004,13033.09961,13033.09961,121800
7/9/2008,13169.88965,13284.65039,13038.76953,13052.12988,13052.12988,123000
7/10/2008,12934.30957,13139.84961,12930.32031,13067.20996,13067.20996,120200
7/11/2008,13063.5,13164.09961,12918.21973,13039.69043,13039.69043,146200
7/14/2008,13022.29004,13185.90039,12969.92969,13010.16016,13010.16016,123800
7/15/2008,12902.12988,12902.12988,12715.80957,12754.55957,12754.55957,118800
7/16/2008,12725.12012,12815.40039,12671.33984,12760.79981,12760.79981,122400
7/17/2008,12889.79981,12929.74023,12852.92969,12887.9502,12887.9502,111000
7/18/2008,12976.21973,12999.63965,12762.33008,12803.7002,12803.7002,113200
7/22/2008,12944.55957,13184.95996,12921.01953,13184.95996,13184.95996,112400
7/23/2008,13259.65039,13388.62988,13238.54981,13312.92969,13312.92969,127200
7/24/2008,13411.28027,13603.30957,13393.57031,13603.30957,13603.30957,126200
7/25/2008,13452.37012,13469.83008,13324.21973,13334.75977,13334.75977,109600
7/28/2008,13407.36035,13468.94043,13327.12012,13353.78027,13353.78027,93600
7/29/2008,13220.33008,13220.33008,13018.21973,13159.4502,13159.4502,106400
7/30/2008,13267.37012,13372.28027,13264.08008,13367.79004,13367.79004,109000
7/31/2008,13410.40039,13467.66992,13256.37988,13376.80957,13376.80957,137000
8/1/2008,13276.57031,13294.16992,13039.20996,13094.58984,13094.58984,135000
8/4/2008,13083.28027,13113.94043,12910.16992,12933.17969,12933.17969,142000
8/5/2008,12957.00977,13049.58008,12893.33984,12914.66016,12914.66016,144600
8/6/2008,13059.42969,13295.50977,13048.96973,13254.88965,13254.88965,156400
8/7/2008,13257.99023,13257.99023,13034.15039,13124.99023,13124.99023,136000
8/8/2008,13026.53027,13259.73047,12962.82031,13168.41016,13168.41016,162400
8/11/2008,13259.45996,13468.80957,13259.45996,13430.91016,13430.91016,113800
8/12/2008,13397.99023,13420.09961,13276.15039,13303.59961,13303.59961,125200
8/13/2008,13205.63965,13205.63965,12953.33984,13023.04981,13023.04981,125200
8/14/2008,12942.61035,13090.67969,12926.98047,12956.79981,12956.79981,116400
8/15/2008,12991.91016,13029.58008,12952.20996,13019.41016,13019.41016,94800
8/18/2008,12971.49023,13270.37012,12934.21973,13165.4502,13165.4502,114000
8/19/2008,13016.5,13016.5,12782.09961,12865.04981,12865.04981,103200
8/20/2008,12753.98047,12923.66016,12753.98047,12851.69043,12851.69043,110400
8/21/2008,12885.33984,12885.33984,12723.83008,12752.20996,12752.20996,105200
8/22/2008,12727.37012,12732.69043,12631.94043,12666.04004,12666.04004,87800
8/25/2008,12797.54004,12949.33008,12797.54004,12878.66016,12878.66016,86600
8/26/2008,12711.03027,12801.20996,12656.08984,12778.70996,12778.70996,87000
8/27/2008,12734.38965,12783.62988,12681.98047,12752.95996,12752.95996,87000
8/28/2008,12827.71973,12847.45996,12718.53027,12768.25,12768.25,89600
8/29/2008,12925.4502,13079.37012,12918.49023,13072.87012,13072.87012,120800
9/1/2008,12936.80957,12940.54981,12834.17969,12834.17969,12834.17969,87600
9/2/2008,12779.88965,12920.51953,12491.07031,12609.46973,12609.46973,126600
9/3/2008,12703.36035,12767.5,12647.29004,12689.58984,12689.58984,129200
9/4/2008,12627.63965,12660.57031,12514.25977,12557.66016,12557.66016,145200
9/5/2008,12385.65039,12385.65039,12163.33008,12212.23047,12212.23047,155600
9/8/2008,12359.92969,12671.75977,12352.34961,12624.45996,12624.45996,135000
9/9/2008,12529.95996,12529.95996,12335.74023,12400.65039,12400.65039,119600
9/10/2008,12249.13965,12404.66992,12159.96973,12346.62988,12346.62988,155200
9/11/2008,12237.51953,12259.01953,12081.50977,12102.5,12102.5,131600
9/12/2008,12256.78027,12277.57031,12059.08984,12214.75977,12214.75977,194600
9/16/2008,12028.4502,12028.4502,11551.40039,11609.71973,11609.71973,184000
9/17/2008,11737.62012,11880.03027,11708.7002,11749.79004,11749.79004,158000
9/18/2008,11576.94043,11577.87988,11301.45996,11489.29981,11489.29981,163000
9/19/2008,11631.59961,11920.86035,11615.2002,11920.86035,11920.86035,184600
9/22/2008,12037.88965,12263.9502,12037.88965,12090.58984,12090.58984,150400
9/24/2008,12031.98047,12115.03027,11904.59961,12115.03027,12115.03027,152600
9/25/2008,11925.70996,12025.41016,11835.28027,12006.53027,12006.53027,113600
9/26/2008,12026.33984,12082.63965,11788.73047,11893.16016,11893.16016,131400
9/29/2008,11883.25,12062.66992,11721.04981,11743.61035,11743.61035,122400
9/30/2008,11565.7002,11565.7002,11160.83008,11259.86035,11259.86035,165000
10/1/2008,11396.61035,11456.63965,11314.28027,11368.25977,11368.25977,142400
10/2/2008,11423.12988,11452.38965,11143.79004,11154.75977,11154.75977,156400
10/3/2008,11052.09961,11099.73047,10938.13965,10938.13965,10938.13965,174400
10/6/2008,10817.26953,10839.5,10374.37988,10473.08984,10473.08984,185000
10/7/2008,10328.54004,10363.13965,9916.209961,10155.90039,10155.90039,210800
10/8/2008,10011.63965,10011.63965,9159.80957,9203.320313,9203.320313,205400
10/9/2008,9168.160156,9443.450195,9100.929688,9157.490234,9157.490234,213400
10/10/2008,9016.339844,9016.339844,8115.410156,8276.429688,8276.429688,247200
10/14/2008,8407.94043,9455.620117,8407.94043,9447.570313,9447.570313,169400
10/15/2008,9390.5,9601.299805,9269.490234,9547.469727,9547.469727,185000
10/16/2008,9400.849609,9400.849609,8458.450195,8458.450195,8458.450195,186200
10/17/2008,8579.570313,8763.709961,8539.509766,8693.820313,8693.820313,171400
10/20/2008,8775.240234,9038.450195,8687.700195,9005.589844,9005.589844,165600
10/21/2008,9139.259766,9358.509766,9135.410156,9306.25,9306.25,154800
10/22/2008,9198.139648,9198.139648,8674.69043,8674.69043,8674.69043,160600
10/23/2008,8547.790039,8547.790039,8016.609863,8460.980469,8460.980469,216800
10/24/2008,8391.040039,8391.040039,7647.069824,7649.080078,7649.080078,194600
10/27/2008,7568.359863,7878.970215,7141.27002,7162.899902,7162.899902,237400
10/28/2008,7143.339844,7626.419922,6994.899902,7621.919922,7621.919922,240800
10/29/2008,7741.52002,8211.900391,7741.52002,8211.900391,8211.900391,222800
10/30/2008,8269.709961,9030.849609,8269.709961,9029.759766,9029.759766,220600
10/31/2008,8958.219727,9012.30957,8576.980469,8576.980469,8576.980469,206000
11/4/2008,8702.769531,9142.290039,8699.769531,9114.599609,9114.599609,164800
11/5/2008,9224.049805,9521.240234,9216.299805,9521.240234,9521.240234,208600
11/6/2008,9373.650391,9380.299805,8806.709961,8899.139648,8899.139648,176000
11/7/2008,8774.490234,8868.099609,8266.089844,8583,8583,206400
11/10/2008,8711.990234,9106.290039,8711.990234,9081.429688,9081.429688,155400
11/11/2008,8965.290039,9056.30957,8704.55957,8809.299805,8809.299805,153800
11/12/2008,8694.910156,8782.480469,8574.200195,8695.509766,8695.509766,153800
11/13/2008,8564.469727,8564.469727,8148.299805,8238.639648,8238.639648,166600
11/14/2008,8378.129883,8689.849609,8378.129883,8462.389648,8462.389648,155600
11/17/2008,8366.879883,8767.980469,8218.820313,8522.580078,8522.580078,146000
11/18/2008,8415.599609,8440.410156,8302.240234,8328.410156,8328.410156,144200
11/19/2008,8309.349609,8370.089844,8115.709961,8273.219727,8273.219727,143800
11/20/2008,8149.77002,8149.790039,7703.040039,7703.040039,7703.040039,154400
11/21/2008,7600.350098,7994.680176,7406.180176,7910.790039,7910.790039,185200
11/25/2008,8026.060059,8356.830078,8025.689941,8323.929688,8323.929688,155000
11/26/2008,8229.719727,8317.830078,8149.560059,8213.219727,8213.219727,118800
11/27/2008,8311.240234,8458.679688,8300.490234,8373.389648,8373.389648,116600
11/28/2008,8400.049805,8518.129883,8336.570313,8512.269531,8512.269531,145400
12/1/2008,8464.360352,8464.360352,8307.280273,8397.219727,8397.219727,107000
12/2/2008,8266.320313,8266.320313,7863.689941,7863.689941,7863.689941,136000
12/3/2008,7965.310059,8056.379883,7889.819824,8004.100098,8004.100098,121200
12/4/2008,8030.200195,8107.689941,7849.839844,7924.240234,7924.240234,148000
12/5/2008,7975.049805,8024.330078,7908.649902,7917.509766,7917.509766,139400
12/8/2008,7970.689941,8358.269531,7959.009766,8329.049805,8329.049805,139000
12/9/2008,8362.370117,8499.599609,8314.849609,8395.870117,8395.870117,150800
12/10/2008,8376,8704.919922,8376,8660.240234,8660.240234,155600
12/11/2008,8642.259766,8720.549805,8519.110352,8720.549805,8720.549805,162200
12/12/2008,8599.120117,8610.730469,8087.990234,8235.870117,8235.870117,185600
12/15/2008,8349.849609,8700.169922,8349.849609,8664.660156,8664.660156,129200
12/16/2008,8608.400391,8634.259766,8471.240234,8568.019531,8568.019531,132200
12/17/2008,8658.219727,8741.240234,8425.660156,8612.519531,8612.519531,148400
12/18/2008,8565.160156,8728.360352,8534.839844,8667.230469,8667.230469,138800
12/19/2008,8640.219727,8743.219727,8570.55957,8588.519531,8588.519531,138000
12/22/2008,8602.5,8751.179688,8593.759766,8723.780273,8723.780273,109800
12/24/2008,8630.25,8631.830078,8476.69043,8517.099609,8517.099609,100800
12/25/2008,8531.509766,8599.5,8531.160156,8599.5,8599.5,61200
12/26/2008,8642.139648,8740.759766,8611.360352,8739.519531,8739.519531,75800
12/29/2008,8726.30957,8763.669922,8638.599609,8747.169922,8747.169922,83200
12/30/2008,8716.280273,8859.55957,8702.950195,8859.55957,8859.55957,60800
1/5/2009,8991.209961,9127.379883,8987.360352,9043.120117,9043.120117,85000
1/6/2009,9130.009766,9171.030273,9029.94043,9080.839844,9080.839844,154800
1/7/2009,9133.799805,9325.349609,9106.049805,9239.240234,9239.240234,205600
1/8/2009,9143.209961,9148.830078,8876.419922,8876.419922,8876.419922,150000
1/9/2009,8932.709961,8956.849609,8773.200195,8836.799805,8836.799805,137000
1/13/2009,8732.629883,8732.929688,8405.5,8413.910156,8413.910156,135600
1/14/2009,8425.75,8516.070313,8359.160156,8438.450195,8438.450195,132800
1/15/2009,8309.379883,8309.379883,7997.72998,8023.310059,8023.310059,158400
1/16/2009,8125.200195,8283.910156,8067.470215,8230.150391,8230.150391,140600
1/19/2009,8318.259766,8351.679688,8221.839844,8256.849609,8256.849609,102600
1/20/2009,8187.140137,8190.419922,7962.459961,8065.790039,8065.790039,128000
1/21/2009,7949.959961,8009.220215,7829.299805,7901.640137,7901.640137,147000
1/22/2009,7988.299805,8051.740234,7809.890137,8051.740234,8051.740234,142600
1/23/2009,7965.410156,7965.410156,7745.25,7745.25,7745.25,119800
1/26/2009,7714.259766,7807.160156,7671.040039,7682.140137,7682.140137,115000
1/27/2009,7782.899902,8115.149902,7782.069824,8061.069824,8061.069824,152400
1/28/2009,8052.25,8171.629883,7936.589844,8106.290039,8106.290039,140000
1/29/2009,8201.160156,8305.379883,8138.990234,8251.240234,8251.240234,160200
1/30/2009,8142.879883,8142.879883,7922.390137,7994.049805,7994.049805,148000
2/2/2009,7908.509766,7955.75,7795.27002,7873.97998,7873.97998,159800
2/3/2009,7862.950195,8084.410156,7800.799805,7825.509766,7825.509766,181600
2/4/2009,7897.240234,8084.970215,7863.649902,8038.939941,8038.939941,156800
2/5/2009,7985.529785,8093.959961,7901.040039,7949.649902,7949.649902,169400
2/6/2009,8054.27002,8169.040039,8033.240234,8076.620117,8076.620117,147200
2/9/2009,8178.069824,8257.709961,7969.029785,7969.029785,7969.029785,140400
2/10/2009,8066.939941,8124.790039,7917.27002,7945.939941,7945.939941,138600
2/12/2009,7842.529785,7862.52002,7685.680176,7705.359863,7705.359863,146000
2/13/2009,7789.350098,7887.740234,7730.27002,7779.399902,7779.399902,149600
2/16/2009,7732.680176,7804.240234,7694.72998,7750.169922,7750.169922,110600
2/17/2009,7690.129883,7710.430176,7615.939941,7645.509766,7645.509766,120800
2/18/2009,7539.959961,7565.790039,7479.180176,7534.439941,7534.439941,149400
2/19/2009,7604.220215,7642.689941,7537.560059,7557.649902,7557.649902,138200
2/20/2009,7544.069824,7554.700195,7382.330078,7416.379883,7416.379883,140800
2/23/2009,7314.299805,7417.180176,7209.430176,7376.160156,7376.160156,164200
2/24/2009,7266.680176,7270.899902,7155.160156,7268.560059,7268.560059,146800
2/25/2009,7368.439941,7471.029785,7330.439941,7461.220215,7461.220215,165400
2/26/2009,7470.600098,7599.810059,7433.060059,7457.930176,7457.930176,143200
2/27/2009,7463.419922,7589.77002,7414.399902,7568.419922,7568.419922,140600
3/2/2009,7454.279785,7454.279785,7234.959961,7280.149902,7280.149902,125400
3/3/2009,7177.790039,7288.140137,7088.470215,7229.720215,7229.720215,146600
3/4/2009,7146.709961,7320.649902,7104.629883,7290.959961,7290.959961,159800
3/5/2009,7336.02002,7532.870117,7336.02002,7433.490234,7433.490234,185400
3/6/2009,7328.290039,7328.290039,7167.069824,7173.100098,7173.100098,159600
3/9/2009,7191.129883,7241.02002,7028.490234,7086.029785,7086.029785,132800
3/10/2009,7059.77002,7100.77002,7021.279785,7054.97998,7054.97998,133000
3/11/2009,7165.390137,7393.810059,7161.850098,7376.120117,7376.120117,155800
3/12/2009,7320.450195,7345.02002,7198.25,7198.25,7198.25,153200
3/13/2009,7301.120117,7571.450195,7300.870117,7569.279785,7569.279785,217000
3/16/2009,7630.200195,7754.75,7630.200195,7704.149902,7704.149902,150400
3/17/2009,7767.339844,7967.029785,7723.939941,7949.129883,7949.129883,171400
3/18/2009,8006.859863,8054.350098,7895.279785,7972.169922,7972.169922,176800
3/19/2009,8017.930176,8034.089844,7902.490234,7945.959961,7945.959961,138000
3/23/2009,7943.140137,8229.129883,7922.549805,8215.530273,8215.530273,178400
3/24/2009,8334.679688,8504.410156,8297.269531,8488.299805,8488.299805,195000
3/25/2009,8499.69043,8553.009766,8392.55957,8479.990234,8479.990234,162000
3/26/2009,8430.219727,8640.280273,8383.990234,8636.330078,8636.330078,135200
3/27/2009,8711.719727,8843.179688,8626.969727,8626.969727,8626.969727,157800
3/30/2009,8621.849609,8651.05957,8236.080078,8236.080078,8236.080078,164200
3/31/2009,8199.429688,8383.740234,8088.450195,8109.529785,8109.529785,178800
4/1/2009,8173.359863,8351.910156,8084.620117,8351.910156,8351.910156,157000
4/2/2009,8453.730469,8741.669922,8449.870117,8719.780273,8719.780273,213000
4/3/2009,8814.099609,8884.629883,8697.169922,8749.839844,8749.839844,217400
4/6/2009,8856.839844,8992.05957,8812.360352,8857.929688,8857.929688,173600
4/7/2009,8838.660156,8884.450195,8778.919922,8832.849609,8832.849609,150600
4/8/2009,8746.730469,8765.639648,8556.75,8595.009766,8595.009766,168000
4/9/2009,8665.160156,8920.860352,8664.259766,8916.05957,8916.05957,192000
4/10/2009,9041.230469,9068.799805,8856.69043,8964.110352,8964.110352,228600
4/13/2009,8930.349609,9024.450195,8888.099609,8924.429688,8924.429688,167400
4/14/2009,8955.900391,8961.730469,8749.919922,8842.679688,8842.679688,181800
4/15/2009,8777.679688,8800.519531,8681.030273,8742.959961,8742.959961,158400
4/16/2009,8848.429688,9030,8720.620117,8755.259766,8755.259766,173000
4/17/2009,8854.330078,8953.339844,8834.629883,8907.580078,8907.580078,184200
4/20/2009,8899.589844,8933.799805,8813.719727,8924.75,8924.75,167800
4/21/2009,8802.089844,8802.089844,8612.759766,8711.330078,8711.330078,175400
4/22/2009,8777.530273,8802.900391,8683.269531,8727.299805,8727.299805,195000
4/23/2009,8776.94043,8860.549805,8647.799805,8847.009766,8847.009766,186200
4/24/2009,8832.099609,8852.830078,8694.919922,8707.990234,8707.990234,212200
4/27/2009,8783.339844,8840.530273,8648.509766,8726.339844,8726.339844,152200
4/28/2009,8678.280273,8808.639648,8493.769531,8493.769531,8493.769531,169600
4/30/2009,8615.450195,8844.769531,8615.450195,8828.259766,8828.259766,174800
5/1/2009,8848.839844,9017.320313,8827.129883,8977.370117,8977.370117,154800
5/7/2009,9102.349609,9385.700195,9100.110352,9385.700195,9385.700195,239000
5/8/2009,9351.400391,9464.429688,9349.570313,9432.830078,9432.830078,220200
5/11/2009,9460.719727,9503.910156,9342.75,9451.980469,9451.980469,230800
5/12/2009,9358.25,9389.610352,9298.610352,9298.610352,9298.610352,188400
5/13/2009,9305.790039,9379.469727,9278.889648,9340.490234,9340.490234,176000
5/14/2009,9212.299805,9223.769531,9052.410156,9093.730469,9093.730469,169400
5/15/2009,9150.209961,9272.080078,9140.900391,9265.019531,9265.019531,172000
5/18/2009,9167.049805,9167.820313,8997.740234,9038.69043,9038.69043,147800
5/19/2009,9172.55957,9326.75,9166.969727,9290.290039,9290.290039,167000
5/20/2009,9372.719727,9399.400391,9311.610352,9344.639648,9344.639648,143200
5/21/2009,9280.349609,9286.349609,9189.919922,9264.150391,9264.150391,133200
5/22/2009,9156.139648,9267.820313,9126.69043,9225.80957,9225.80957,134800
5/25/2009,9245.950195,9402.759766,9245.950195,9347,9347,129200
5/26/2009,9364.219727,9379.780273,9231.929688,9310.80957,9310.80957,121200
5/27/2009,9426.620117,9491.129883,9411.540039,9438.769531,9438.769531,149000
5/28/2009,9353.330078,9492.660156,9353.330078,9451.389648,9451.389648,155600
5/29/2009,9478.209961,9522.5,9426.519531,9522.5,9522.5,175800
6/1/2009,9517.490234,9691.730469,9491.259766,9677.75,9677.75,177600
6/2/2009,9774.549805,9793.469727,9704.30957,9704.30957,9704.30957,184800
6/3/2009,9723.820313,9774.549805,9718.700195,9741.669922,9741.669922,140600
6/4/2009,9690.929688,9743.459961,9654.450195,9668.959961,9668.959961,175800
6/5/2009,9752.509766,9774.980469,9719.139648,9768.009766,9768.009766,156200
6/8/2009,9829.280273,9914.070313,9816.169922,9865.629883,9865.629883,155800
6/9/2009,9824.169922,9855.889648,9755.80957,9786.820313,9786.820313,159000
6/10/2009,9833.639648,9991.490234,9813.769531,9991.490234,9991.490234,192800
6/11/2009,9992.980469,10022.23047,9958.980469,9981.330078,9981.330078,211200
6/12/2009,10088.20996,10170.82031,10050.95996,10135.82031,10135.82031,297200
6/15/2009,10126.54981,10126.54981,10029.58984,10039.66992,10039.66992,158200
6/16/2009,9914.400391,9941.5,9752.879883,9752.879883,9752.879883,174600
6/17/2009,9705.730469,9845.519531,9705.730469,9840.849609,9840.849609,179400
6/18/2009,9778.349609,9778.349609,9649.830078,9703.719727,9703.719727,168600
6/19/2009,9757.849609,9822.830078,9703.870117,9786.259766,9786.259766,174800
6/22/2009,9788.070313,9887.129883,9763.370117,9826.269531,9826.269531,149800
6/23/2009,9695.759766,9712.089844,9511.450195,9549.610352,9549.610352,185600
6/24/2009,9596.780273,9624.410156,9534.240234,9590.320313,9590.320313,153000
6/25/2009,9628.179688,9871.139648,9619.019531,9796.080078,9796.080078,161200
6/26/2009,9852.919922,9893,9793.950195,9877.389648,9877.389648,135800
6/29/2009,9866.280273,9943.830078,9748.730469,9783.469727,9783.469727,160200
6/30/2009,9896.55957,10000.29981,9894.950195,9958.44043,9958.44043,143200
7/1/2009,9889.339844,10086.17969,9874,9939.929688,9939.929688,158200
7/2/2009,9993.769531,9993.769531,9869.540039,9876.150391,9876.150391,141600
7/3/2009,9751.69043,9816.070313,9691.160156,9816.070313,9816.070313,127000
7/6/2009,9738.490234,9771.759766,9650.75,9680.870117,9680.870117,109800
7/7/2009,9713.620117,9734.429688,9619.679688,9647.790039,9647.790039,142800
7/8/2009,9548.80957,9557.389648,9407.980469,9420.75,9420.75,147800
7/9/2009,9342.330078,9384.240234,9291.05957,9291.05957,9291.05957,148400
7/10/2009,9338.759766,9370.150391,9265.240234,9287.280273,9287.280273,151400
7/13/2009,9242.129883,9343.860352,9050.330078,9050.330078,9050.330078,168800
7/14/2009,9173.139648,9284.379883,9166.629883,9261.80957,9261.80957,168000
7/15/2009,9307.450195,9333.639648,9250.730469,9269.25,9269.25,169600
7/16/2009,9393.980469,9489.669922,9317.110352,9344.160156,9344.160156,178400
7/17/2009,9413.860352,9420.610352,9360.589844,9395.320313,9395.320313,122200
7/21/2009,9512.519531,9652.019531,9508.919922,9652.019531,9652.019531,151400
7/22/2009,9642.790039,9750.629883,9608.769531,9723.160156,9723.160156,153800
7/23/2009,9712.099609,9861.290039,9703.839844,9792.94043,9792.94043,171800
7/24/2009,9909.400391,9950.040039,9863.870117,9944.549805,9944.549805,205400
7/27/2009,10020.87012,10179.58984,10015.11035,10088.66016,10088.66016,161200
7/28/2009,10116.88965,10116.88965,10049.62988,10087.25977,10087.25977,138400
7/29/2009,10035.91016,10161.9502,10035.91016,10113.24023,10113.24023,146800
7/30/2009,10155.70996,10169.67969,10067.50977,10165.20996,10165.20996,147400
7/31/2009,10275.13965,10359.07031,10259.57031,10356.83008,10356.83008,182800
8/3/2009,10355.23047,10380.57031,10322,10352.46973,10352.46973,162000
8/4/2009,10438.40039,10479.19043,10358.48047,10375.00977,10375.00977,175400
8/5/2009,10405.04981,10406.09961,10252.53027,10252.53027,10252.53027,134600
8/6/2009,10266.00977,10426.13965,10266.00977,10388.08984,10388.08984,146400
8/7/2009,10365.70996,10412.08984,10249.04004,10412.08984,10412.08984,140600
8/10/2009,10530.62012,10585.37012,10487.7002,10524.25977,10524.25977,147800
8/11/2009,10514.74023,10587.36035,10512.20996,10585.45996,10585.45996,135200
8/12/2009,10486.36035,10526.34961,10434.08984,10435,10435,124000
8/13/2009,10508.08984,10556.28027,10489.12012,10517.19043,10517.19043,126000
8/14/2009,10551.33008,10630.37988,10539.42969,10597.33008,10597.33008,142600
8/17/2009,10521.01953,10521.01953,10268.61035,10268.61035,10268.61035,134000
8/18/2009,10208.12012,10325.05957,10181.09961,10284.95996,10284.95996,126600
8/19/2009,10269.96973,10327.16992,10195.11035,10204,10204,138000
8/20/2009,10254.53027,10407.29981,10204.25977,10383.41016,10383.41016,137000
8/21/2009,10375.21973,10375.21973,10142.21973,10238.2002,10238.2002,154200
8/24/2009,10389.57031,10591,10388.78027,10581.04981,10581.04981,122400
8/25/2009,10515.57031,10566.30957,10469.69043,10497.36035,10497.36035,127000
8/26/2009,10554.44043,10668.74023,10526.50977,10639.70996,10639.70996,132000
8/27/2009,10570.78027,10575.79004,10400.83008,10473.96973,10473.96973,138800
8/28/2009,10546.87988,10560.44043,10471.62988,10534.13965,10534.13965,130200
8/31/2009,10608.16016,10767,10423.90039,10492.53027,10492.53027,152400
9/2/2009,10453.37012,10577.19043,10215.59961,10280.45996,10280.45996,252600
9/3/2009,10240.01953,10290.83008,10185.37988,10214.63965,10214.63965,117600
9/4/2009,10256.49023,10256.49023,10143.25977,10187.11035,10187.11035,131200
9/7/2009,10288.55957,10326.4502,10274.37988,10320.94043,10320.94043,97200
9/8/2009,10353.50977,10393.23047,10300.5,10393.23047,10393.23047,118000
9/9/2009,10343.79981,10390.25,10249.11035,10312.13965,10312.13965,140800
9/10/2009,10385.34961,10521.13965,10382.99023,10513.66992,10513.66992,133400
9/11/2009,10519.33008,10522.23047,10407.96973,10444.33008,10444.33008,189200
9/14/2009,10388.32031,10388.32031,10170.74023,10202.05957,10202.05957,121800
9/15/2009,10255.73047,10292.46973,10183.29981,10217.62012,10217.62012,101200
9/16/2009,10288.71973,10394.55957,10247.24023,10270.76953,10270.76953,136800
9/17/2009,10373.25,10443.79981,10340.13965,10443.79981,10443.79981,144600
9/18/2009,10379.20996,10399.41992,10292.5,10370.54004,10370.54004,174600
9/24/2009,10405.53027,10566.98047,10386.87988,10544.21973,10544.21973,168400
9/25/2009,10395.4502,10395.4502,10228.59961,10265.98047,10265.98047,141600
9/28/2009,10136.24023,10151.59961,9971.049805,10009.51953,10009.51953,159200
9/29/2009,10089.11035,10125.87988,10059.87012,10100.2002,10100.2002,135600
9/30/2009,10105.16992,10138.04004,10063.69043,10133.23047,10133.23047,121000
10/1/2009,10072.63965,10077.21973,9965.05957,9978.639648,9978.639648,134800
10/2/2009,9848.070313,9852.169922,9714.179688,9731.870117,9731.870117,165200
10/5/2009,9733.070313,9751.55957,9669.30957,9674.490234,9674.490234,145000
10/6/2009,9744.419922,9744.419922,9628.669922,9691.799805,9691.799805,154800
10/7/2009,9750.240234,9821.740234,9735.679688,9799.599609,9799.599609,175600
10/8/2009,9806.030273,9863.339844,9746.150391,9832.469727,9832.469727,139200
10/9/2009,9893.629883,10016.38965,9857.389648,10016.38965,10016.38965,154800
10/13/2009,10066.84961,10116.71973,10039.62012,10076.55957,10076.55957,132600
10/14/2009,10096.00977,10096.00977,10016.24023,10060.20996,10060.20996,162000
10/15/2009,10194.91016,10272.62012,10184.80957,10238.65039,10238.65039,148400
10/16/2009,10276.40039,10290.30957,10216.13965,10257.55957,10257.55957,152400
10/19/2009,10179.45996,10264.44043,10125.33008,10236.50977,10236.50977,139600
10/20/2009,10329.29981,10357.58984,10307.58984,10336.83984,10336.83984,139200
10/21/2009,10292.38965,10350.4502,10292.38965,10333.38965,10333.38965,133400
10/22/2009,10251.08984,10274.61035,10159.66016,10267.16992,10267.16992,154400
10/23/2009,10335.33984,10364.16992,10271.70996,10282.99023,10282.99023,146800
10/26/2009,10271.83984,10397.69043,10250.83984,10362.62012,10362.62012,127600
10/27/2009,10283.45996,10290.91992,10201.92969,10212.45996,10212.45996,143400
10/28/2009,10182.13965,10209.2002,10060.38965,10075.04981,10075.04981,135000
10/29/2009,9941.570313,9945.410156,9850.120117,9891.099609,9891.099609,203800
10/30/2009,10006.83984,10049.58984,9984.330078,10034.74023,10034.74023,145600
11/2/2009,9903.769531,9904.610352,9736.139648,9802.950195,9802.950195,128400
11/4/2009,9785.280273,9845,9767.910156,9844.30957,9844.30957,119400
11/5/2009,9803.5,9825.820313,9691.69043,9717.44043,9717.44043,147200
11/6/2009,9812.730469,9849.719727,9767,9789.349609,9789.349609,141400
11/9/2009,9777.639648,9845.900391,9731.589844,9808.990234,9808.990234,117600
11/10/2009,9904.679688,9979.459961,9857.099609,9870.730469,9870.730469,130400
11/11/2009,9890.179688,9949.709961,9849.990234,9871.679688,9871.679688,122800
11/12/2009,9921.450195,9943.570313,9788.490234,9804.490234,9804.490234,123600
11/13/2009,9793.19043,9805.200195,9719.379883,9770.30957,9770.30957,123000
11/16/2009,9784.139648,9802.530273,9725.80957,9791.179688,9791.179688,140800
11/17/2009,9834.580078,9847.639648,9715.280273,9729.929688,9729.929688,138800
11/18/2009,9723.230469,9788.80957,9631.830078,9676.799805,9676.799805,170600
11/19/2009,9691.860352,9691.860352,9496.070313,9549.469727,9549.469727,203000
11/20/2009,9460.209961,9513.599609,9423.660156,9497.679688,9497.679688,163200
11/24/2009,9511,9511,9397.790039,9401.580078,9401.580078,136400
11/25/2009,9381.900391,9453.700195,9366.330078,9441.639648,9441.639648,145200
11/26/2009,9354.799805,9457.240234,9324.990234,9383.240234,9383.240234,146600
11/27/2009,9257.200195,9257.200195,9076.410156,9081.519531,9081.519531,176400
11/30/2009,9189.169922,9353.740234,9162.179688,9345.549805,9345.549805,185600
12/1/2009,9281.820313,9572.200195,9233.200195,9572.200195,9572.200195,212800
12/2/2009,9551.790039,9643.320313,9514.150391,9608.94043,9608.94043,167200
12/3/2009,9707.019531,9977.669922,9707.019531,9977.669922,9977.669922,192000
12/4/2009,10019.24023,10022.58984,9902.830078,10022.58984,10022.58984,180000
12/7/2009,10131.90039,10204.58008,10106.30957,10167.59961,10167.59961,164400
12/8/2009,10079.80957,10149.32031,10079.80957,10140.46973,10140.46973,150000
12/9/2009,10048.94043,10048.94043,9985.969727,10004.71973,10004.71973,149000
12/10/2009,9964.049805,10035.91992,9834.219727,9862.820313,9862.820313,162000
12/11/2009,9958,10107.87012,9916.209961,10107.87012,10107.87012,222000
12/14/2009,10126.61035,10126.61035,10009.59961,10105.67969,10105.67969,161200
12/15/2009,10053.4502,10111.75977,10033.90039,10083.48047,10083.48047,159800
12/16/2009,10179.33008,10222.21973,10117.12012,10177.41016,10177.41016,225200
12/17/2009,10199.91992,10260.12012,10163.79981,10163.79981,10163.79981,148200
12/18/2009,10110.63965,10157.25,10027.84961,10142.04981,10142.04981,151800
12/21/2009,10196.70996,10215.49023,10183.46973,10183.46973,10183.46973,120400
12/22/2009,10256,10378.03027,10235.21973,10378.03027,10378.03027,171800
12/24/2009,10413.37012,10558.41016,10413.37012,10536.91992,10536.91992,144200
12/25/2009,10546.96973,10546.96973,10476.65039,10494.70996,10494.70996,83000
12/28/2009,10521.80957,10652.99023,10513.54981,10634.23047,10634.23047,106200
12/29/2009,10611.84961,10683.12012,10597.41016,10638.05957,10638.05957,122400
12/30/2009,10707.50977,10707.50977,10546.44043,10546.44043,10546.44043,141600
1/4/2010,10609.33984,10694.49023,10608.13965,10654.79004,10654.79004,104400
1/5/2010,10719.44043,10791.04004,10655.57031,10681.83008,10681.83008,166200
1/6/2010,10709.54981,10768.61035,10661.16992,10731.4502,10731.4502,181800
1/7/2010,10742.75,10774,10636.66992,10681.66016,10681.66016,182600
1/8/2010,10743.29981,10816.4502,10677.55957,10798.32031,10798.32031,211800
1/12/2010,10770.34961,10905.38965,10763.67969,10879.13965,10879.13965,192800
1/13/2010,10795.48047,10866.62012,10729.86035,10735.03027,10735.03027,250000
1/14/2010,10778.07031,10909.94043,10774.25,10907.67969,10907.67969,267400
1/15/2010,10917.41016,10982.09961,10878.83008,10982.09961,10982.09961,253000
1/18/2010,10887.61035,10895.09961,10781.03027,10855.08008,10855.08008,186600
1/19/2010,10866.83008,10866.83008,10749.46973,10764.90039,10764.90039,174600
1/20/2010,10834.91016,10860.92969,10724.57031,10737.51953,10737.51953,146400
1/21/2010,10704.79004,10886.63965,10649.83984,10868.41016,10868.41016,176800
1/22/2010,10740.20996,10768.07031,10528.33008,10590.54981,10590.54981,187400
1/25/2010,10478.30957,10557.63965,10414.58008,10512.69043,10512.69043,139800
1/26/2010,10506.15039,10566.49023,10324.98047,10325.28027,10325.28027,175400
1/27/2010,10344.07031,10373.82031,10252.08008,10252.08008,10252.08008,139400
1/28/2010,10309.73047,10462.7002,10296.98047,10414.29004,10414.29004,168000
1/29/2010,10308.04981,10324.37012,10198.04004,10198.04004,10198.04004,156800
2/1/2010,10212.36035,10224.83008,10129.91016,10205.01953,10205.01953,162000
2/2/2010,10310.98047,10396.48047,10287.74023,10371.08984,10371.08984,142000
2/3/2010,10428.12012,10436.51953,10356.03027,10404.33008,10404.33008,154200
2/4/2010,10434.51953,10438.41016,10279.57031,10355.98047,10355.98047,164600
2/5/2010,10162.33984,10166.29981,10036.33008,10057.08984,10057.08984,172000
2/8/2010,10007.46973,10063.53027,9942.049805,9951.820313,9951.820313,137400
2/9/2010,9876.610352,9956.790039,9867.389648,9932.900391,9932.900391,135000
2/10/2010,10024.25977,10049.87012,9963.990234,9963.990234,9963.990234,127000
2/12/2010,10085.34961,10099.45996,10014.5,10092.19043,10092.19043,136000
2/15/2010,10097.82031,10119.46973,10012.53027,10013.29981,10013.29981,97400
2/16/2010,10044.53027,10062.26953,10019.42969,10034.25,10034.25,87000
2/17/2010,10161.71973,10306.83008,10150.24023,10306.83008,10306.83008,127200
2/18/2010,10324.98047,10340.37988,10285.04981,10335.69043,10335.69043,111800
2/19/2010,10334.40039,10354.41992,10123.58008,10123.58008,10123.58008,129400
2/22/2010,10302.07031,10449.75,10298.15039,10400.46973,10400.46973,115400
2/23/2010,10327.63965,10375.54981,10280.33008,10352.09961,10352.09961,121400
2/24/2010,10205.15039,10243.2002,10129.65039,10198.83008,10198.83008,125200
2/25/2010,10256.09961,10267.42969,10087.20996,10101.95996,10101.95996,128200
2/26/2010,10107.08008,10171.21973,10085.12988,10126.03027,10126.03027,113200
3/1/2010,10128.73047,10215.15039,10116.86035,10172.05957,10172.05957,108400
3/2/2010,10199.19043,10238.95996,10150.29981,10221.83984,10221.83984,104000
3/3/2010,10193.9502,10274.08984,10186.67969,10253.13965,10253.13965,120600
3/4/2010,10255.69043,10263.48047,10134.37012,10145.71973,10145.71973,126400
3/5/2010,10254.61035,10376.41016,10254.61035,10368.95996,10368.95996,129800
3/8/2010,10538.12012,10586.96973,10514.28027,10585.91992,10585.91992,140600
3/9/2010,10567.32031,10593.26953,10542.80957,10567.65039,10567.65039,110000
3/10/2010,10555.84961,10588.69043,10547.33984,10563.91992,10563.91992,104800
3/11/2010,10627.99023,10664.9502,10588.86035,10664.9502,10664.9502,123800
3/12/2010,10777.49023,10777.49023,10699.29981,10751.25977,10751.25977,206600
3/15/2010,10802.11035,10808.83984,10708.96973,10751.98047,10751.98047,130600
3/16/2010,10718.62988,10776.51953,10716.2002,10721.70996,10721.70996,106600
3/17/2010,10789.24023,10864.29981,10761.88965,10846.98047,10846.98047,137600
3/18/2010,10841.70996,10845.73047,10731.66016,10744.03027,10744.03027,130200
3/19/2010,10785.87988,10826.75977,10775.57031,10824.71973,10824.71973,116200
3/23/2010,10793.04981,10817.78027,10766.65039,10774.15039,10774.15039,112400
3/24/2010,10829.36035,10880.62012,10769.17969,10815.03027,10815.03027,125400
3/25/2010,10857.80957,10872.4502,10808.70996,10828.84961,10828.84961,123600
3/26/2010,10895.29004,11001.58984,10889.33008,10996.37012,10996.37012,142200
3/29/2010,10909.98047,10990.75,10901.2002,10986.46973,10986.46973,0
3/30/2010,11022.2002,11108.82031,11003.34961,11097.13965,11097.13965,153600
3/31/2010,11138.71973,11147.62012,11085.54981,11089.94043,11089.94043,0
4/1/2010,11178.91992,11272.73047,11118.17969,11244.40039,11244.40039,0
4/2/2010,11274.17969,11313.98047,11235.98047,11286.08984,11286.08984,150000
4/5/2010,11380.62988,11408.16992,11306.62012,11339.29981,11339.29981,118000
4/6/2010,11350.7002,11358.4502,11217.25,11282.32031,11282.32031,138000
4/7/2010,11296.30957,11350.57031,11260.41992,11292.83008,11292.83008,167400
4/8/2010,11179.66992,11232.36035,11159.4502,11168.2002,11168.2002,130200
4/9/2010,11174.62012,11204.87012,11148.79981,11204.33984,11204.33984,148400
4/12/2010,11300.79004,11351.54981,11248.57031,11251.90039,11251.90039,132400
4/13/2010,11202.91992,11212.65039,11088.48047,11161.23047,11161.23047,144600
4/14/2010,11213.45996,11270.2002,11161.00977,11204.90039,11204.90039,139400
4/15/2010,11310.07031,11316.66016,11255.79981,11273.79004,11273.79004,156800
4/16/2010,11230.53027,11230.53027,11084.71973,11102.17969,11102.17969,136800
4/19/2010,10929.63965,10953.90039,10878.99023,10908.76953,10908.76953,133200
4/20/2010,10960.11035,10999.57031,10890.82031,10900.67969,10900.67969,129600
4/21/2010,11031.79004,11093.29981,11023.87988,11090.04981,11090.04981,153000
4/22/2010,10988.00977,10989.62012,10866.23047,10949.08984,10949.08984,144200
4/23/2010,10930.90039,10967.12012,10865.91992,10914.45996,10914.45996,136800
4/26/2010,11039.58984,11165.79004,11035.66016,11165.79004,11165.79004,135000
4/27/2010,11109.25977,11213.4502,11108.71973,11212.66016,11212.66016,143000
4/28/2010,11005.50977,11008.87988,10882.40039,10924.79004,10924.79004,179400
4/30/2010,11062.12012,11092.51953,11035.26953,11057.40039,11057.40039,156800
5/6/2010,10847.90039,10847.90039,10682.61035,10695.69043,10695.69043,183800
5/7/2010,10472.7002,10472.76953,10257.32031,10364.58984,10364.58984,227600
5/10/2010,10399.04981,10540.51953,10362.33984,10530.7002,10530.7002,181000
5/11/2010,10643.24023,10643.28027,10392.46973,10411.09961,10411.09961,196800
5/12/2010,10465.03027,10501.71973,10345.19043,10394.03027,10394.03027,189400
5/13/2010,10542.76953,10638.23047,10535.94043,10620.54981,10620.54981,159600
5/14/2010,10453.40039,10551.69043,10390.76953,10462.50977,10462.50977,189000
5/17/2010,10329.37012,10331.87012,10158.29981,10235.75977,10235.75977,182400
5/18/2010,10313.13965,10336.53027,10197.74023,10242.63965,10242.63965,160800
5/19/2010,10087.33008,10186.83984,10041.92969,10186.83984,10186.83984,175000
5/20/2010,10121.84961,10161.7002,9999.589844,10030.30957,10030.30957,149600
5/21/2010,9823.839844,9829.360352,9696.629883,9784.540039,9784.540039,195000
5/24/2010,9754.990234,9793.459961,9693.070313,9758.400391,9758.400391,164800
5/25/2010,9632.139648,9642.599609,9432.089844,9459.889648,9459.889648,165200
5/26/2010,9567.349609,9622.400391,9477.450195,9522.660156,9522.660156,188000
5/27/2010,9419.299805,9642.160156,9395.290039,9639.719727,9639.719727,175000
5/28/2010,9806.05957,9824.849609,9699.139648,9762.980469,9762.980469,164400
5/31/2010,9735.469727,9831.730469,9728.419922,9768.700195,9768.700195,121400
6/1/2010,9747.259766,9747.259766,9658.44043,9711.830078,9711.830078,110400
6/2/2010,9604.450195,9763.410156,9560.160156,9603.240234,9603.240234,158400
6/3/2010,9758.820313,9920.179688,9758.820313,9914.19043,9914.19043,142600
6/4/2010,9909.240234,9962.419922,9868.089844,9901.19043,9901.19043,120200
6/7/2010,9705.360352,9714.419922,9502.620117,9520.799805,9520.799805,148400
6/8/2010,9448.790039,9587.650391,9434.80957,9537.94043,9537.94043,129600
6/9/2010,9475.570313,9487.910156,9378.230469,9439.129883,9439.129883,0
6/10/2010,9476.780273,9544.040039,9437.469727,9542.650391,9542.650391,116600
6/11/2010,9701.320313,9764.730469,9673.599609,9705.25,9705.25,222400
6/14/2010,9824.929688,9882.049805,9819.950195,9879.849609,9879.849609,97200
6/15/2010,9845.650391,9911.730469,9826.44043,9887.889648,9887.889648,101600
6/16/2010,10043.09961,10109.86035,10033.24023,10067.15039,10067.15039,120200
6/17/2010,10009.25,10053.4502,9989.209961,9999.400391,9999.400391,97600
6/18/2010,10027.98047,10029.11035,9965.160156,9995.019531,9995.019531,98400
6/21/2010,10109.26953,10251.90039,10109.26953,10238.00977,10238.00977,123000
6/22/2010,10131.91016,10183.88965,10105.48047,10112.88965,10112.88965,115000
6/23/2010,9973,9975.009766,9912.799805,9923.700195,9923.700195,102600
6/24/2010,9902.620117,10009.37012,9893.75,9928.339844,9928.339844,94800
6/25/2010,9778.700195,9794.980469,9697.870117,9737.480469,9737.480469,129400
6/28/2010,9758.910156,9762.230469,9679.169922,9693.94043,9693.94043,91600
6/29/2010,9718.400391,9760.019531,9548.980469,9570.669922,9570.669922,106800
6/30/2010,9396.450195,9420.139648,9347.070313,9382.639648,9382.639648,131000
7/1/2010,9296.860352,9297.450195,9147.679688,9191.599609,9191.599609,125400
7/2/2010,9234.55957,9259.139648,9160.469727,9203.709961,9203.709961,115600
7/5/2010,9230,9282.900391,9213.790039,9266.780273,9266.780273,100600
7/6/2010,9158.280273,9351.110352,9091.700195,9338.040039,9338.040039,137400
7/7/2010,9322.55957,9329.639648,9223.799805,9279.650391,9279.650391,120800
7/8/2010,9462.820313,9545.990234,9456.19043,9535.740234,9535.740234,118200
7/9/2010,9601.620117,9610.589844,9516.969727,9585.320313,9585.320313,125200
7/12/2010,9540.469727,9632.889648,9533.55957,9548.110352,9548.110352,123600
7/13/2010,9592.870117,9629.980469,9502.240234,9537.230469,9537.230469,149600
7/14/2010,9707.5,9807.360352,9693.330078,9795.240234,9795.240234,193400
7/15/2010,9701.139648,9726.94043,9667,9685.530273,9685.530273,115800
7/16/2010,9600.879883,9636.839844,9392.209961,9408.360352,9408.360352,134000
7/21/2010,9267.240234,9404.070313,9230.839844,9278.830078,9278.830078,307600
7/22/2010,9216.280273,9254.19043,9176.120117,9220.879883,9220.879883,229600
7/23/2010,9380.120117,9474.110352,9367.299805,9430.959961,9430.959961,157600
7/26/2010,9520.730469,9561.820313,9493.610352,9503.660156,9503.660156,90400
7/27/2010,9512.669922,9541.589844,9487.650391,9496.849609,9496.849609,130600
7/28/2010,9614.469727,9760.30957,9614.469727,9753.269531,9753.269531,148200
7/29/2010,9653.509766,9732.759766,9648.969727,9696.019531,9696.019531,148200
7/30/2010,9658.610352,9658.610352,9505.639648,9537.299805,9537.299805,166200
8/2/2010,9574.639648,9676.410156,9548.860352,9570.30957,9570.30957,135600
8/3/2010,9716.570313,9750.879883,9632.860352,9694.009766,9694.009766,138600
8/4/2010,9606.820313,9613.129883,9474.669922,9489.339844,9489.339844,119400
8/5/2010,9640.339844,9688.870117,9578.30957,9653.919922,9653.919922,128800
8/6/2010,9560.650391,9658.040039,9545.410156,9642.120117,9642.120117,112000
8/9/2010,9535.509766,9572.830078,9523.629883,9572.490234,9572.490234,87800
8/10/2010,9629.969727,9667.040039,9505.339844,9551.049805,9551.049805,107000
8/11/2010,9423.030273,9445.040039,9283.599609,9292.849609,9292.849609,111600
8/12/2010,9125.490234,9212.589844,9065.94043,9212.589844,9212.589844,142400
8/13/2010,9214.80957,9278.459961,9163.25,9253.459961,9253.459961,121800
8/16/2010,9145.219727,9210.969727,9095.94043,9196.669922,9196.669922,97000
8/17/2010,9089.849609,9188.480469,9084.240234,9161.679688,9161.679688,91400
8/18/2010,9261.5,9280.589844,9153.419922,9240.540039,9240.540039,118400
8/19/2010,9242.839844,9362.679688,9242.839844,9362.679688,9362.679688,120200
8/20/2010,9239.360352,9287.5,9169.169922,9179.379883,9179.379883,112000
8/23/2010,9147.240234,9171.419922,9090.959961,9116.69043,9116.69043,93600
8/24/2010,9024.599609,9069.219727,8983.519531,8995.139648,8995.139648,111200
8/25/2010,8904.44043,8949.410156,8807.410156,8845.389648,8845.389648,134000
8/26/2010,8908.019531,8910.620117,8834.089844,8906.480469,8906.480469,104800
8/27/2010,8811.469727,9021.75,8810.459961,8991.05957,8991.05957,127800
8/30/2010,9141.450195,9280.700195,9117.870117,9149.259766,9149.259766,114400
8/31/2010,8998.799805,9008.360352,8819.259766,8824.05957,8824.05957,121800
9/1/2010,8833.320313,8932.150391,8796.450195,8927.019531,8927.019531,120000
9/2/2010,9069.620117,9083.370117,8958.80957,9062.839844,9062.839844,119200
9/3/2010,9097.589844,9141.089844,9050.830078,9114.129883,9114.129883,102000
9/6/2010,9199.990234,9303,9173.379883,9301.320313,9301.320313,106800
9/7/2010,9232.019531,9311.019531,9206.80957,9226,9226,118000
9/8/2010,9098.860352,9105.889648,8997.629883,9024.599609,9024.599609,107000
9/9/2010,9120.540039,9136.259766,9069.929688,9098.389648,9098.389648,92800
9/10/2010,9132.25,9291.5,9132.25,9239.169922,9239.169922,169800
9/13/2010,9325.639648,9390.900391,9317.299805,9321.820313,9321.820313,108600
9/14/2010,9319.5,9330.049805,9258.179688,9299.30957,9299.30957,117400
9/16/2010,9243.480469,9620.900391,9199.080078,9509.5,9509.5,330000
9/17/2010,9581.650391,9643.280273,9554.360352,9626.089844,9626.089844,122800
9/21/2010,9700.879883,9704.25,9579.830078,9602.110352,9602.110352,109400
9/22/2010,9563.200195,9625.410156,9546.820313,9566.320313,9566.320313,108800
9/24/2010,9435.040039,9601.769531,9415.959961,9471.669922,9471.669922,146600
9/27/2010,9557.370117,9613.469727,9539.120117,9603.139648,9603.139648,122600
9/28/2010,9547.030273,9553.910156,9471.349609,9495.759766,9495.759766,97400
9/29/2010,9530.049805,9600.929688,9502.339844,9559.379883,9559.379883,134600
9/30/2010,9554.830078,9566.839844,9369.349609,9369.349609,9369.349609,145800
10/1/2010,9440.519531,9470.360352,9358.620117,9404.230469,9404.230469,163200
10/4/2010,9410.919922,9508.360352,9358.820313,9381.05957,9381.05957,161200
10/5/2010,9337.429688,9538.349609,9332.19043,9518.759766,9518.759766,193800
10/6/2010,9588.469727,9693.740234,9567,9691.429688,9691.429688,234200
10/7/2010,9661.089844,9716.919922,9649.169922,9684.80957,9684.80957,171200
10/8/2010,9675.589844,9675.589844,9588.879883,9588.879883,9588.879883,148000
10/12/2010,9648.589844,9650.200195,9387.730469,9388.639648,9388.639648,140800
10/13/2010,9473.780273,9510.19043,9393.519531,9403.509766,9403.509766,144000
10/14/2010,9515.169922,9614.44043,9481.509766,9583.509766,9583.509766,171000
10/15/2010,9551.209961,9553.570313,9478.639648,9500.25,9500.25,143800
10/18/2010,9517.679688,9564.849609,9471.480469,9498.490234,9498.490234,104800
10/19/2010,9490.089844,9575.139648,9489.679688,9539.450195,9539.450195,118400
10/20/2010,9399.650391,9402.049805,9316.969727,9381.599609,9381.599609,138400
10/21/2010,9443.950195,9479.25,9326.780273,9376.480469,9376.480469,131400
10/22/2010,9404.089844,9457.620117,9390.139648,9426.709961,9426.709961,108400
10/25/2010,9424.44043,9460.700195,9392.679688,9401.160156,9401.160156,98000
10/26/2010,9386.549805,9455.040039,9362.129883,9377.379883,9377.379883,107400
10/27/2010,9436.009766,9453.790039,9329.860352,9387.030273,9387.030273,130200
10/28/2010,9368.610352,9413.679688,9350.44043,9366.030273,9366.030273,146800
10/29/2010,9327.25,9337.919922,9179.150391,9202.450195,9202.450195,167000
11/1/2010,9166.849609,9258.320313,9134.469727,9154.719727,9154.719727,125400
11/2/2010,9140.280273,9172.030273,9123.620117,9159.980469,9159.980469,115200
11/4/2010,9282.790039,9377.759766,9276.709961,9358.780273,9358.780273,133000
11/5/2010,9500.599609,9680.679688,9497.450195,9625.990234,9625.990234,161000
11/8/2010,9699.790039,9737.009766,9677.870117,9732.919922,9732.919922,118200
11/9/2010,9667.44043,9726.599609,9659.860352,9694.490234,9694.490234,122000
11/10/2010,9748.610352,9842.900391,9747.030273,9830.519531,9830.519531,168800
11/11/2010,9878.110352,9885.370117,9834.820313,9861.459961,9861.459961,139600
11/12/2010,9810.299805,9851.419922,9724.80957,9724.80957,9724.80957,129400
11/15/2010,9782.110352,9830.589844,9744.990234,9827.509766,9827.509766,128600
11/16/2010,9892.820313,9908.299805,9774.120117,9797.099609,9797.099609,133200
11/17/2010,9693.209961,9817.370117,9693.209961,9811.660156,9811.660156,112600
11/18/2010,9820.599609,10013.62988,9798.55957,10013.62988,10013.62988,189000
11/19/2010,10124.83984,10130.23047,10019.08008,10022.38965,10022.38965,160800
11/22/2010,10133.48047,10157.96973,10091.99023,10115.19043,10115.19043,121800
11/24/2010,9942.540039,10064.30957,9904.919922,10030.11035,10030.11035,150200
11/25/2010,10117.84961,10123.26953,10038.79004,10079.75977,10079.75977,133800
11/26/2010,10078.08984,10134.63965,10039.55957,10039.55957,10039.55957,115800
11/29/2010,10075.66016,10149.94043,10044.00977,10125.99023,10125.99023,124800
11/30/2010,10070.30957,10101.41992,9937.040039,9937.040039,9937.040039,153400
12/1/2010,9939.799805,9988.049805,9918.549805,9988.049805,9988.049805,122600
12/2/2010,10151.15039,10187.58984,10143.08008,10168.51953,10168.51953,131400
12/3/2010,10231.78027,10254,10154.99023,10178.32031,10178.32031,107800
12/6/2010,10175.23047,10179.82031,10143.58008,10167.23047,10167.23047,95400
12/7/2010,10152.91992,10167.09961,10094.41016,10141.09961,10141.09961,114800
12/8/2010,10200.16016,10258.90039,10184.32031,10232.33008,10232.33008,126600
12/9/2010,10277.87012,10298.25,10240.11035,10285.87988,10285.87988,153400
12/10/2010,10373.7002,10373.7002,10194.26953,10211.9502,10211.9502,240600
12/13/2010,10212.51953,10293.88965,10199.73047,10293.88965,10293.88965,145200
12/14/2010,10272.7002,10319.24023,10267.21973,10316.76953,10316.76953,170600
12/15/2010,10338.13965,10340.69043,10282.84961,10309.78027,10309.78027,137400
12/16/2010,10297.54981,10347.38965,10282.54004,10311.29004,10311.29004,140800
12/17/2010,10307.16992,10327.41992,10280.79981,10303.83008,10303.83008,140400
12/20/2010,10296.54981,10301.15039,10182.74023,10216.41016,10216.41016,113600
12/21/2010,10277.13965,10372.50977,10266.29004,10370.53027,10370.53027,113200
12/22/2010,10348.48047,10394.21973,10327.59961,10346.48047,10346.48047,142200
12/24/2010,10275.96973,10290.88965,10264.05957,10279.19043,10279.19043,86200
12/27/2010,10292.83984,10376.91016,10292.83984,10355.99023,10355.99023,83200
12/28/2010,10330.00977,10340.83984,10292.62988,10292.62988,10292.62988,78000
12/29/2010,10282.83984,10344.54004,10276.61035,10344.54004,10344.54004,87600
12/30/2010,10303.12988,10315.46973,10209.92969,10228.91992,10228.91992,107800
